"username","query_session","category","task","start_time","close_time","evaluated_time","end_time"
"user_02",161,"Music","You've joined the university magazine staff and given your love for music, you will work on a series of articles on that subject addressed to <b>adult</b> people. It's up to you to choose the topic, such as: songs or albums, artist, genre, etc. Gather materials and then write a few lines about your findings.","2017-04-14 20:43:15.493","2017-04-14 20:52:13.649","2017-04-14 21:41:08.78","2017-04-14 21:44:52.682"
"user_07",107,"Books","You are a bookworm and you've decided to join the book society at your university. You've been asked to organise a reading group of mainly <b>young</b> people. You have to choose a theme, that can be about a writer, a genre, etc. and propose a list of candidate books (3-5) to read. After that, find out something interesting or funny about each book that can be discussed with the other attendees.","2017-03-20 09:32:11.237","2017-03-20 11:11:40.895","2017-03-27 16:58:17.703","2017-03-27 17:15:55.353"
"user_07",205,"Travel","You are a travel lover and it's now time to plan your coming <b>business trip</b>. You have always wanted to visit your destination (city or country of your choosing) and now you have finally the chance to do so. Find out more about: attractions you'd like to visit, accommodations and how to get there, restaurants and pubs, etc.","2017-05-12 14:12:05.625","2017-05-12 14:17:49.82","2017-05-12 15:11:10.073","2017-05-12 15:26:57.472"
"user_08",154,"Books","You are a bookworm and you've decided to join the book society at your university. You've been asked to organise a reading group of mainly <b>young</b> people. You have to choose a theme, that can be about a writer, a genre, etc. and propose a list of candidate books (3-5) to read. After that, find out something interesting or funny about each book that can be discussed with the other attendees.","2017-03-25 09:11:50.154","2017-05-16 19:10:58.05","2017-05-16 19:24:38.271","2017-05-17 12:50:55.059"
"user_08",156,"Travel","You are a travel lover and it's now time to plan your coming <b>business trip</b>. You have always wanted to visit your destination (city or country of your choosing) and now you have finally the chance to do so. Find out more about: attractions you'd like to visit, accommodations and how to get there, restaurants and pubs, etc.","2017-03-31 06:32:48.972","2017-05-02 12:35:38.293","2017-05-18 11:08:46.232","2017-05-18 11:11:32.601"
"user_11",162,"Travel","You are a travel lover and it's now time to plan your coming <b>business trip</b>. You have always wanted to visit your destination (city or country of your choosing) and now you have finally the chance to do so. Find out more about: attractions you'd like to visit, accommodations and how to get there, restaurants and pubs, etc.","2017-04-21 14:52:40.883","2017-05-03 13:30:22.005","2017-05-05 10:59:14.454","2017-05-05 11:03:15.214"
"user_12",201,"Travel","You are a travel lover and it's now time to plan your coming <b>business trip</b>. You have always wanted to visit your destination (city or country of your choosing) and now you have finally the chance to do so. Find out more about: attractions you'd like to visit, accommodations and how to get there, restaurants and pubs, etc.","2017-05-02 22:49:23.935","2017-05-05 17:36:25.379","2017-05-05 23:32:12.008","2017-05-05 23:46:04.821"
"user_12",202,"Sports","You've just started working on the sport page of your university magazine. You've been assigned a series of articles and you are free to write about <b>the sport you practice</b> and a topic related to it, such as: sport personalities, teams and their achievements, a comparison with another sport you like, etc. Write a few lines about your findings.","2017-05-02 22:49:29.459","2017-05-18 11:12:56.728","2017-05-18 11:15:28.493","2017-05-18 11:16:48.553"
"user_13",172,"Sports","You've just started working on the sport page of your university magazine. You've been assigned a series of articles and you are free to write about <b>the sport you practice</b> and a topic related to it, such as: sport personalities, teams and their achievements, a comparison with another sport you like, etc. Write a few lines about your findings.","2017-04-25 15:03:18.523","2017-04-25 15:13:02.026","2017-04-26 18:08:50.172","2017-04-26 18:28:53.992"
"user_15",173,"Travel","You are a travel lover and it's now time to plan your coming <b>business trip</b>. You have always wanted to visit your destination (city or country of your choosing) and now you have finally the chance to do so. Find out more about: attractions you'd like to visit, accommodations and how to get there, restaurants and pubs, etc.","2017-04-26 15:44:30.731","2017-04-26 15:56:17.064","2017-05-05 00:55:11.888","2017-05-05 01:06:48.359"
"user_16",175,"Travel","You are a travel lover and it's now time to plan your coming <b>business trip</b>. You have always wanted to visit your destination (city or country of your choosing) and now you have finally the chance to do so. Find out more about: attractions you'd like to visit, accommodations and how to get there, restaurants and pubs, etc.","2017-04-27 08:15:12.497","2017-04-27 08:18:25.275","2017-04-28 08:36:34.06","2017-04-28 08:40:43.652"
"user_17",176,"Books","You are a bookworm and you've decided to join the book society at your university. You've been asked to organise a reading group of mainly <b>young</b> people. You have to choose a theme, that can be about a writer, a genre, etc. and propose a list of candidate books (3-5) to read. After that, find out something interesting or funny about each book that can be discussed with the other attendees.","2017-04-27 09:29:23.157","2017-04-27 09:40:11.566","2017-05-03 08:16:29.108","2017-05-03 08:23:36.07"
"user_18",203,"Travel","You are a travel lover and it's now time to plan your coming <b>business trip</b>. You have always wanted to visit your destination (city or country of your choosing) and now you have finally the chance to do so. Find out more about: attractions you'd like to visit, accommodations and how to get there, restaurants and pubs, etc.","2017-05-04 15:54:31.616","2017-05-04 15:57:57.976","2017-05-09 11:49:48.9","2017-05-09 11:52:19.153"
"user_18",204,"Books","You are a bookworm and you've decided to join the book society at your university. You've been asked to organise a reading group of mainly <b>young</b> people. You have to choose a theme, that can be about a writer, a genre, etc. and propose a list of candidate books (3-5) to read. After that, find out something interesting or funny about each book that can be discussed with the other attendees.","2017-05-09 12:43:09.646","2017-05-09 12:44:09.285","2017-05-09 12:48:51.171","2017-05-09 12:49:59.408"
