"username","query_session","category","query_text","document_id","rank","action_type","time_stamp"
"user_02",161,"Music","Grammy winning music composer","",0,"QUERY_SUBMISSION","2017-04-14 20:44:25.236"
"user_02",161,"Music","David guetta music albums","",0,"QUERY_SUBMISSION","2017-04-14 20:46:28.833"
"user_02",161,"Music","pop music 2017","",0,"QUERY_SUBMISSION","2017-04-14 20:50:45.341"
"user_02",161,"Music","jazz music albums","",0,"QUERY_SUBMISSION","2017-04-14 20:51:33.424"
"user_02",161,"Music","ed shereen music","",0,"QUERY_SUBMISSION","2017-04-14 20:51:56.061"
"user_07",107,"Books","most read detective novels","",0,"QUERY_SUBMISSION","2017-03-20 09:33:08.63"
"user_07",107,"Books","most read detective novels","clueweb12-0104wb-62-17812",0,"OPEN_DOCUMENT","2017-03-20 09:33:24.506"
"user_07",107,"Books","most read detective novels","clueweb12-0012wb-50-31681",4,"OPEN_DOCUMENT","2017-03-20 09:33:38.343"
"user_07",107,"Books","most read detective novels","clueweb12-0100wb-99-29999",6,"OPEN_DOCUMENT","2017-03-20 09:36:33.942"
"user_07",107,"Books","most read detective novels","clueweb12-0110wb-97-33007",2,"OPEN_DOCUMENT","2017-03-20 09:38:03.986"
"user_07",107,"Books","most read detective novels","clueweb12-0003wb-19-06552",5,"OPEN_DOCUMENT","2017-03-20 09:38:46.761"
"user_07",107,"Books","most read detective novels","clueweb12-0211wb-35-03990",3,"OPEN_DOCUMENT","2017-03-20 09:40:07.898"
"user_07",107,"Books","most read detective novels","clueweb12-0211wb-74-05929",1,"OPEN_DOCUMENT","2017-03-20 09:40:19.977"
"user_07",107,"Books","most read detective novels","clueweb12-0207wb-77-29487",7,"OPEN_DOCUMENT","2017-03-20 09:42:05.403"
"user_07",107,"Books","most read detective novels","clueweb12-0211wb-42-20824",8,"OPEN_DOCUMENT","2017-03-20 09:42:37.39"
"user_07",107,"Books","most read detective novels","clueweb12-0104wb-59-01428",9,"OPEN_DOCUMENT","2017-03-20 09:42:38.964"
"user_07",107,"Books","agatha christie novels","",0,"QUERY_SUBMISSION","2017-03-20 09:44:13.782"
"user_07",107,"Books","agatha christie novels","clueweb12-0000wb-37-32880",0,"OPEN_DOCUMENT","2017-03-20 09:44:23.348"
"user_07",107,"Books","agatha christie novels","clueweb12-0203wb-31-01456",1,"OPEN_DOCUMENT","2017-03-20 09:44:25.006"
"user_07",107,"Books","agatha christie novels","clueweb12-0007wb-81-24408",6,"OPEN_DOCUMENT","2017-03-20 09:46:31.555"
"user_07",107,"Books","agatha christie novels","clueweb12-0107wb-69-16701",7,"OPEN_DOCUMENT","2017-03-20 09:46:32.686"
"user_07",107,"Books","agatha christie novels","clueweb12-0009wb-68-08169",8,"OPEN_DOCUMENT","2017-03-20 09:46:34.246"
"user_07",107,"Books","agatha christie novels","clueweb12-0010wb-37-23062",9,"OPEN_DOCUMENT","2017-03-20 09:46:36.447"
"user_07",107,"Books","agatha christie novels","clueweb12-0005wb-65-26662",5,"OPEN_DOCUMENT","2017-03-20 09:47:44.182"
"user_07",107,"Books","agatha christie novels","clueweb12-0005wb-65-26662",5,"OPEN_DOCUMENT","2017-03-20 09:47:54.583"
"user_07",107,"Books","agatha christie novels","clueweb12-0005wb-65-26662",5,"OPEN_DOCUMENT","2017-03-20 09:48:04.936"
"user_07",107,"Books","cards on the table poirot","",0,"QUERY_SUBMISSION","2017-03-20 09:48:20.804"
"user_07",107,"Books","cards on the table poirot","clueweb12-0009wb-58-30520",0,"OPEN_DOCUMENT","2017-03-20 09:48:27.687"
"user_07",107,"Books","cards on the table poirot","clueweb12-0209wb-73-04952",1,"OPEN_DOCUMENT","2017-03-20 09:48:29.832"
"user_07",107,"Books","cards on the table poirot","clueweb12-0205wb-89-03469",2,"OPEN_DOCUMENT","2017-03-20 09:48:31.641"
"user_07",107,"Books","cards on the table poirot","clueweb12-0009wb-95-30557",3,"OPEN_DOCUMENT","2017-03-20 09:49:59.123"
"user_07",107,"Books","cards on the table poirot","clueweb12-0103wb-93-16719",4,"OPEN_DOCUMENT","2017-03-20 09:50:00.814"
"user_07",107,"Books","cards on the table poirot","clueweb12-0011wb-14-02737",5,"OPEN_DOCUMENT","2017-03-20 09:50:02.716"
"user_07",107,"Books","cards on the table poirot","clueweb12-0011wb-23-13666",6,"OPEN_DOCUMENT","2017-03-20 09:53:14.298"
"user_07",107,"Books","cards on the table poirot","clueweb12-0009wb-77-33466",7,"OPEN_DOCUMENT","2017-03-20 09:53:15.363"
"user_07",107,"Books","cards on the table poirot","clueweb12-0206wb-18-30862",8,"OPEN_DOCUMENT","2017-03-20 09:53:16.325"
"user_07",107,"Books","cards on the table poirot","clueweb12-0009wb-16-18001",9,"OPEN_DOCUMENT","2017-03-20 09:53:17.87"
"user_07",107,"Books","most read romantic novels","",0,"QUERY_SUBMISSION","2017-03-20 09:54:48.963"
"user_07",107,"Books","most read romantic novels","clueweb12-0209wb-37-33440",0,"OPEN_DOCUMENT","2017-03-20 09:55:31.982"
"user_07",107,"Books","most read romantic novels","clueweb12-0210wb-08-28543",1,"OPEN_DOCUMENT","2017-03-20 09:55:59.81"
"user_07",107,"Books","most read romantic novels","clueweb12-0210wb-55-11972",2,"OPEN_DOCUMENT","2017-03-20 09:56:01.17"
"user_07",107,"Books","most read romantic novels","clueweb12-0100tw-43-12079",3,"OPEN_DOCUMENT","2017-03-20 09:56:59.434"
"user_07",107,"Books","most read romantic novels","clueweb12-0209wb-45-35602",4,"OPEN_DOCUMENT","2017-03-20 09:57:29.742"
"user_07",107,"Books","most read romantic novels","clueweb12-0209wb-31-12579",5,"OPEN_DOCUMENT","2017-03-20 09:57:31.235"
"user_07",107,"Books","most read romantic novels","clueweb12-0210wb-88-12097",7,"OPEN_DOCUMENT","2017-03-20 09:58:41.053"
"user_07",107,"Books","most read romantic novels","clueweb12-0212wb-17-09889",8,"OPEN_DOCUMENT","2017-03-20 09:58:43.572"
"user_07",107,"Books","most read romantic novels","clueweb12-0211wb-69-19189",9,"OPEN_DOCUMENT","2017-03-20 09:58:45.7"
"user_07",107,"Books","most read romantic novels","clueweb12-0208wb-29-06482",6,"OPEN_DOCUMENT","2017-03-20 09:58:57.489"
"user_07",107,"Books","nicholas sparks the notebook","",0,"QUERY_SUBMISSION","2017-03-20 10:01:57.196"
"user_07",107,"Books","nicholas sparks the notebook","clueweb12-0202wb-79-23536",0,"OPEN_DOCUMENT","2017-03-20 10:02:00.6"
"user_07",107,"Books","nicholas sparks the notebook","clueweb12-0202wb-87-33266",1,"OPEN_DOCUMENT","2017-03-20 10:02:01.998"
"user_07",107,"Books","nicholas sparks the notebook","clueweb12-0105wb-89-20849",2,"OPEN_DOCUMENT","2017-03-20 10:02:03.284"
"user_07",107,"Books","nicholas sparks the notebook","clueweb12-0002wb-09-07212",3,"OPEN_DOCUMENT","2017-03-20 10:02:59.235"
"user_07",107,"Books","nicholas sparks the notebook","clueweb12-0203wb-52-30033",4,"OPEN_DOCUMENT","2017-03-20 10:03:00.69"
"user_07",107,"Books","nicholas sparks the notebook","clueweb12-0201wb-62-08431",5,"OPEN_DOCUMENT","2017-03-20 10:03:02.414"
"user_07",107,"Books","nicholas sparks the notebook","clueweb12-0101wb-29-13169",6,"OPEN_DOCUMENT","2017-03-20 10:04:14.442"
"user_07",107,"Books","nicholas sparks the notebook","clueweb12-0200tw-82-17054",7,"OPEN_DOCUMENT","2017-03-20 10:04:15.793"
"user_07",107,"Books","nicholas sparks the notebook","clueweb12-0002wb-24-18091",9,"OPEN_DOCUMENT","2017-03-20 10:04:18.679"
"user_07",107,"Books","love story by erich segal","",0,"QUERY_SUBMISSION","2017-03-20 10:05:52.803"
"user_07",107,"Books","love story by erich segal","clueweb12-0207wb-82-07426",0,"OPEN_DOCUMENT","2017-03-20 10:06:17.732"
"user_07",107,"Books","love story by erich segal","clueweb12-0007wb-65-03448",1,"OPEN_DOCUMENT","2017-03-20 10:06:19.078"
"user_07",107,"Books","love story by erich segal","clueweb12-0202wb-25-26324",2,"OPEN_DOCUMENT","2017-03-20 10:06:20.334"
"user_07",107,"Books","love story by erich segal","clueweb12-0200tw-18-18908",3,"OPEN_DOCUMENT","2017-03-20 10:08:25.552"
"user_07",107,"Books","love story by erich segal","clueweb12-0211wb-51-20722",4,"OPEN_DOCUMENT","2017-03-20 10:08:26.978"
"user_07",107,"Books","love story by erich segal","clueweb12-0010wb-50-22940",5,"OPEN_DOCUMENT","2017-03-20 10:08:29.28"
"user_07",107,"Books","love story by erich segal","clueweb12-0200tw-18-18908",3,"OPEN_DOCUMENT","2017-03-20 10:09:17.726"
"user_07",107,"Books","love story by erich segal","clueweb12-0200tw-18-18908",3,"OPEN_DOCUMENT","2017-03-20 10:09:25.246"
"user_07",107,"Books","love story by erich segal","clueweb12-0005wb-91-30295",6,"OPEN_DOCUMENT","2017-03-20 10:09:36.1"
"user_07",107,"Books","love story by erich segal","clueweb12-0211wb-69-26681",7,"OPEN_DOCUMENT","2017-03-20 10:09:37.886"
"user_07",107,"Books","love story by erich segal","clueweb12-0104wb-59-04525",8,"OPEN_DOCUMENT","2017-03-20 10:09:41.134"
"user_07",107,"Books","love story by erich segal","clueweb12-0205wb-35-09631",9,"OPEN_DOCUMENT","2017-03-20 10:09:43.226"
"user_07",107,"Books","paulo coelho","",0,"QUERY_SUBMISSION","2017-03-20 10:11:21.127"
"user_07",107,"Books","paulo coelho","clueweb12-0105wb-30-25697",1,"OPEN_DOCUMENT","2017-03-20 10:11:29.084"
"user_07",107,"Books","paulo coelho","clueweb12-0005wb-89-11848",2,"OPEN_DOCUMENT","2017-03-20 10:11:29.614"
"user_07",107,"Books","paulo coelho","clueweb12-0207wb-54-12396",3,"OPEN_DOCUMENT","2017-03-20 10:11:30.378"
"user_07",107,"Books","paulo coelho","clueweb12-0004wb-93-02309",5,"OPEN_DOCUMENT","2017-03-20 10:12:44.663"
"user_07",107,"Books","paulo coelho","clueweb12-0005wb-06-09090",6,"OPEN_DOCUMENT","2017-03-20 10:12:45.677"
"user_07",107,"Books","paulo coelho","clueweb12-0005wb-67-11874",7,"OPEN_DOCUMENT","2017-03-20 10:12:48.768"
"user_07",107,"Books","paulo coelho","clueweb12-0204wb-16-12786",4,"OPEN_DOCUMENT","2017-03-20 10:13:05.94"
"user_07",107,"Books","paulo coelho","clueweb12-0105wb-43-12854",9,"OPEN_DOCUMENT","2017-03-20 10:14:13.208"
"user_07",107,"Books","paulo coelho","clueweb12-0006wb-03-00798",8,"OPEN_DOCUMENT","2017-03-20 10:14:42.411"
"user_07",107,"Books","paulo coelho the alchemist book","",0,"QUERY_SUBMISSION","2017-03-20 10:15:17.687"
"user_07",107,"Books","paulo coelho the alchemist book","clueweb12-0001wb-64-00588",0,"OPEN_DOCUMENT","2017-03-20 10:15:20.615"
"user_07",107,"Books","paulo coelho the alchemist book","clueweb12-0201wb-85-34321",1,"OPEN_DOCUMENT","2017-03-20 10:15:21.838"
"user_07",107,"Books","paulo coelho the alchemist book","clueweb12-0009wb-13-00713",2,"OPEN_DOCUMENT","2017-03-20 10:15:23.209"
"user_07",107,"Books","paulo coelho the alchemist book","clueweb12-0210wb-94-00349",4,"OPEN_DOCUMENT","2017-03-20 10:16:40.915"
"user_07",107,"Books","paulo coelho the alchemist book","clueweb12-0210wb-87-27490",5,"OPEN_DOCUMENT","2017-03-20 10:16:42.265"
"user_07",107,"Books","paulo coelho the alchemist book","clueweb12-0105wb-30-25697",3,"OPEN_DOCUMENT","2017-03-20 10:17:00.891"
"user_07",107,"Books","paulo coelho the alchemist book","clueweb12-0006wb-47-24436",6,"OPEN_DOCUMENT","2017-03-20 10:17:24.562"
"user_07",107,"Books","paulo coelho the alchemist book","clueweb12-0207wb-54-12396",8,"OPEN_DOCUMENT","2017-03-20 10:17:26.305"
"user_07",107,"Books","paulo coelho the alchemist book","clueweb12-0200tw-30-14033",9,"OPEN_DOCUMENT","2017-03-20 10:17:29.256"
"user_07",107,"Books","paulo coelho the alchemist book","clueweb12-0201wb-85-34321",1,"OPEN_DOCUMENT","2017-03-20 10:18:16.181"
"user_07",107,"Books","biography of author william shakespeare","",0,"QUERY_SUBMISSION","2017-03-20 10:19:09.815"
"user_07",107,"Books","biography of author william shakespeare","clueweb12-0111wb-28-19971",0,"OPEN_DOCUMENT","2017-03-20 10:19:12.742"
"user_07",107,"Books","biography of author william shakespeare","clueweb12-0104wb-86-27034",1,"OPEN_DOCUMENT","2017-03-20 10:19:14.037"
"user_07",107,"Books","biography of author william shakespeare","clueweb12-0211wb-66-12614",2,"OPEN_DOCUMENT","2017-03-20 10:19:15.057"
"user_07",107,"Books","biography of author william shakespeare","clueweb12-0004wb-81-36407",5,"OPEN_DOCUMENT","2017-03-20 10:20:35.77"
"user_07",107,"Books","biography of author william shakespeare","clueweb12-0105wb-20-05476",3,"OPEN_DOCUMENT","2017-03-20 10:20:52.498"
"user_07",107,"Books","biography of author william shakespeare","clueweb12-0006wb-54-20138",6,"OPEN_DOCUMENT","2017-03-20 10:21:17.66"
"user_07",107,"Books","biography of author william shakespeare","clueweb12-0010wb-32-15997",7,"OPEN_DOCUMENT","2017-03-20 10:21:18.974"
"user_07",107,"Books","biography of author william shakespeare","clueweb12-0200wb-13-23560",8,"OPEN_DOCUMENT","2017-03-20 10:21:20.458"
"user_07",107,"Books","biography of author william shakespeare","clueweb12-0110wb-82-05578",9,"OPEN_DOCUMENT","2017-03-20 10:21:22.088"
"user_07",205,"Travel","kolkata to lyon cheapest flights","",0,"QUERY_SUBMISSION","2017-05-12 14:12:28.707"
"user_07",205,"Travel","kolkata to lyon cheapest flights","clueweb12-0200wb-14-27376",0,"OPEN_DOCUMENT","2017-05-12 14:12:33.618"
"user_07",205,"Travel","kolkata to lyon cheapest flights","clueweb12-0204wb-73-21317",1,"OPEN_DOCUMENT","2017-05-12 14:12:35.565"
"user_07",205,"Travel","kolkata to lyon cheapest flights","clueweb12-0101wb-83-24492",2,"OPEN_DOCUMENT","2017-05-12 14:12:38.534"
"user_07",205,"Travel","trieste to venice buses","",0,"QUERY_SUBMISSION","2017-05-12 14:13:58.584"
"user_07",205,"Travel","hostel in barcelona","",0,"QUERY_SUBMISSION","2017-05-12 14:15:34.866"
"user_07",205,"Travel","restaurants in grenoble","",0,"QUERY_SUBMISSION","2017-05-12 14:17:25.493"
"user_07",205,"Travel","restaurants in kolkata","",0,"QUERY_SUBMISSION","2017-05-12 14:17:43.627"
"user_08",154,"Books","inferno by dan brown","",0,"QUERY_SUBMISSION","2017-03-25 09:13:09.953"
"user_08",154,"Books","inferno by dan brown","clueweb12-0107wb-28-02867",0,"OPEN_DOCUMENT","2017-03-25 09:13:46.778"
"user_08",154,"Books","inferno by dan brown","clueweb12-0107wb-28-02867",0,"OPEN_DOCUMENT","2017-03-25 09:14:27.396"
"user_08",154,"Books","inferno by dan brown","clueweb12-0107wb-28-02867",0,"OPEN_DOCUMENT","2017-03-25 09:15:21.707"
"user_08",154,"Books","inferno by dan brown","",0,"QUERY_SUBMISSION","2017-03-25 09:22:05.969"
"user_08",154,"Books","inferno by dan brown","",0,"QUERY_SUBMISSION","2017-03-28 12:17:31.36"
"user_08",154,"Books","inferno by dan brown","",0,"QUERY_SUBMISSION","2017-03-31 12:29:31.39"
"user_08",154,"Books","inferno by dan brown","",0,"QUERY_SUBMISSION","2017-04-11 13:38:31.326"
"user_08",154,"Books","inferno by dan brown","",0,"QUERY_SUBMISSION","2017-05-02 11:41:05.383"
"user_08",154,"Books","inferno by dan brown","",0,"QUERY_SUBMISSION","2017-05-02 12:30:43.778"
"user_08",154,"Books","inferno by dan brown","",0,"QUERY_SUBMISSION","2017-05-16 19:09:09.765"
"user_08",154,"Books","dan brown","",0,"QUERY_SUBMISSION","2017-05-16 19:09:25.133"
"user_08",154,"Books","inferno by dan brown movie","",0,"QUERY_SUBMISSION","2017-05-16 19:10:13.789"
"user_08",154,"Books","inferno by dan brown book","",0,"QUERY_SUBMISSION","2017-05-16 19:10:26.103"
"user_08",154,"Books","Robert langdon","",0,"QUERY_SUBMISSION","2017-05-16 19:10:54.139"
"user_08",156,"Travel","dublin","",0,"QUERY_SUBMISSION","2017-03-31 12:29:41.04"
"user_08",156,"Travel","dublin","",0,"QUERY_SUBMISSION","2017-04-11 13:38:02.316"
"user_08",156,"Travel","dublin","",0,"QUERY_SUBMISSION","2017-05-02 11:40:58.981"
"user_08",156,"Travel","dublin","",0,"QUERY_SUBMISSION","2017-05-02 12:30:12.208"
"user_08",156,"Travel","dublin","",0,"QUERY_SUBMISSION","2017-05-02 12:30:58.95"
"user_08",156,"Travel","dublin travel accommodation","",0,"QUERY_SUBMISSION","2017-05-02 12:35:23.541"
"user_11",162,"Travel","japan","",0,"QUERY_SUBMISSION","2017-04-21 14:53:19.173"
"user_11",162,"Travel","japan","",0,"QUERY_SUBMISSION","2017-04-28 10:45:11.261"
"user_11",162,"Travel","japan","",0,"QUERY_SUBMISSION","2017-05-02 08:29:33.922"
"user_11",162,"Travel","japan","",0,"QUERY_SUBMISSION","2017-05-03 12:52:30.595"
"user_11",162,"Travel","japan","clueweb12-0004wb-73-16440",0,"OPEN_DOCUMENT","2017-05-03 12:52:52.407"
"user_11",162,"Travel","japan","clueweb12-0011wb-89-22071",3,"OPEN_DOCUMENT","2017-05-03 12:57:42.911"
"user_11",162,"Travel","japan top tourist sites","",0,"QUERY_SUBMISSION","2017-05-03 12:59:01.148"
"user_11",162,"Travel","japan top tourist sites","",0,"QUERY_SUBMISSION","2017-05-03 12:59:02.881"
"user_11",162,"Travel","japan top tourist sites","clueweb12-0103wb-36-09350",0,"OPEN_DOCUMENT","2017-05-03 12:59:09.402"
"user_11",162,"Travel","japan top tourist sites","clueweb12-0013wb-61-00433",2,"OPEN_DOCUMENT","2017-05-03 12:59:14.64"
"user_11",162,"Travel","japan top tourist sites","clueweb12-0013wb-61-00433",,"BOOKMARK","2017-05-03 12:59:45.135"
"user_11",162,"Travel","tokyo top tourist sites","",0,"QUERY_SUBMISSION","2017-05-03 13:03:18.255"
"user_11",162,"Travel","tokyo top tourist sites","clueweb12-0103wb-36-09350",1,"OPEN_DOCUMENT","2017-05-03 13:03:29.005"
"user_11",162,"Travel","tokyo top tourist sites","clueweb12-0103wb-36-09350",1,"OPEN_DOCUMENT","2017-05-03 13:05:20.564"
"user_11",162,"Travel","tokyo top tourist sites","clueweb12-0201wb-38-28819",3,"OPEN_DOCUMENT","2017-05-03 13:05:38.805"
"user_11",162,"Travel","tokyo top tourist sites","clueweb12-0110wb-55-13169",2,"OPEN_DOCUMENT","2017-05-03 13:05:41.373"
"user_11",162,"Travel","tokyo top tourist sites","",10,"QUERY_SUBMISSION","2017-05-03 13:06:02.024"
"user_11",162,"Travel","tokyo top tourist sites","clueweb12-0110wb-39-21587",11,"OPEN_DOCUMENT","2017-05-03 13:06:09.397"
"user_11",162,"Travel","tokyo top tourist sites","clueweb12-0110wb-54-15155",13,"OPEN_DOCUMENT","2017-05-03 13:06:19.533"
"user_11",162,"Travel","tokyo top tourist sites","clueweb12-0205wb-89-17632",14,"OPEN_DOCUMENT","2017-05-03 13:06:22.959"
"user_11",162,"Travel","tokyo top tourist sites","clueweb12-0201wb-38-28819",,"BOOKMARK","2017-05-03 13:07:48.619"
"user_11",162,"Travel","tokyo top tourist sites","clueweb12-0110wb-55-13169",2,"CLOSE_DOCUMENT","2017-05-03 13:08:08.762"
"user_11",162,"Travel","tokyo top tourist sites","",0,"QUERY_SUBMISSION","2017-05-03 13:08:10.356"
"user_11",162,"Travel","tokyo top tourist sites","clueweb12-0110wb-39-21587",,"BOOKMARK","2017-05-03 13:09:21.16"
"user_11",162,"Travel","tokyo disneyland","",0,"QUERY_SUBMISSION","2017-05-03 13:11:21.813"
"user_11",162,"Travel","tokyo disneyland","clueweb12-0008wb-77-09156",0,"OPEN_DOCUMENT","2017-05-03 13:11:29.03"
"user_11",162,"Travel","tokyo disneyland","clueweb12-0008wb-77-09156",,"BOOKMARK","2017-05-03 13:11:42.243"
"user_11",162,"Travel","tokyo tower","",0,"QUERY_SUBMISSION","2017-05-03 13:12:03.481"
"user_11",162,"Travel","tokyo tower","clueweb12-0012wb-68-02701",5,"OPEN_DOCUMENT","2017-05-03 13:12:21.134"
"user_11",162,"Travel","tokyo tower","clueweb12-0012wb-68-02701",,"BOOKMARK","2017-05-03 13:12:27.599"
"user_11",162,"Travel","tokyo skytree","",0,"QUERY_SUBMISSION","2017-05-03 13:13:38.138"
"user_11",162,"Travel","tokyo skytree","",0,"QUERY_SUBMISSION","2017-05-03 13:13:39.568"
"user_11",162,"Travel","tokyo skytree","clueweb12-0002wb-85-14572",5,"OPEN_DOCUMENT","2017-05-03 13:14:17.881"
"user_11",162,"Travel","tokyo best hotel","",0,"QUERY_SUBMISSION","2017-05-03 13:14:54.951"
"user_11",162,"Travel","tokyo best hotel","clueweb12-0205wb-50-05899",0,"OPEN_DOCUMENT","2017-05-03 13:15:02.786"
"user_11",162,"Travel","tokyo best hotel","clueweb12-0200wb-81-07663",2,"OPEN_DOCUMENT","2017-05-03 13:23:33.982"
"user_11",162,"Travel","tokyo best hotel","clueweb12-0112wb-60-18312",9,"OPEN_DOCUMENT","2017-05-03 13:24:46.992"
"user_11",162,"Travel","tokyo halal restaurants","",0,"QUERY_SUBMISSION","2017-05-03 13:25:58.371"
"user_11",162,"Travel","tokyo restaurants","",0,"QUERY_SUBMISSION","2017-05-03 13:26:38.939"
"user_11",162,"Travel","tokyo restaurants","clueweb12-0212wb-13-22300",2,"OPEN_DOCUMENT","2017-05-03 13:26:54.291"
"user_11",162,"Travel","tokyo restaurants","clueweb12-0212wb-31-05351",0,"OPEN_DOCUMENT","2017-05-03 13:27:15.017"
"user_11",162,"Travel","tokyo restaurants","clueweb12-0212wb-13-22300",,"BOOKMARK","2017-05-03 13:29:10.235"
"user_11",162,"Travel","tokyo restaurants","clueweb12-0212wb-31-05351",,"BOOKMARK","2017-05-03 13:29:42.728"
"user_12",201,"Travel","popular places in Dublin","",0,"QUERY_SUBMISSION","2017-05-04 19:53:33.926"
"user_12",201,"Travel","popular places in Dublin","clueweb12-0110wb-46-10007",3,"OPEN_DOCUMENT","2017-05-04 19:54:40.699"
"user_12",201,"Travel","popular places in Dublin","clueweb12-0110wb-46-10007",3,"OPEN_DOCUMENT","2017-05-04 19:57:32.423"
"user_12",201,"Travel","popular places in Dublin","clueweb12-0110wb-46-10007",3,"CLOSE_DOCUMENT","2017-05-04 19:57:42.296"
"user_12",201,"Travel","popular places in Dublin","",0,"QUERY_SUBMISSION","2017-05-04 19:57:43.083"
"user_12",201,"Travel","popular places in Dublin","clueweb12-0103wb-06-05099",0,"OPEN_DOCUMENT","2017-05-04 19:58:25.539"
"user_12",201,"Travel","popular places in Dublin","",10,"QUERY_SUBMISSION","2017-05-04 19:58:50.935"
"user_12",201,"Travel","popular places in Dublin","clueweb12-0202wb-30-30268",10,"OPEN_DOCUMENT","2017-05-04 19:58:57.222"
"user_12",201,"Travel","popular places in Dublin","",0,"QUERY_SUBMISSION","2017-05-05 17:21:02.921"
"user_12",201,"Travel","places to visit in Barcelona","",0,"QUERY_SUBMISSION","2017-05-05 17:22:18.376"
"user_12",201,"Travel","highly recommended places to visit in Barcelona","",0,"QUERY_SUBMISSION","2017-05-05 17:24:00.976"
"user_12",201,"Travel","places to visit in Barcelona with ratings and reviews","",0,"QUERY_SUBMISSION","2017-05-05 17:24:35.375"
"user_12",201,"Travel","tour packages for popular tourist spots in barceola","",0,"QUERY_SUBMISSION","2017-05-05 17:36:00.687"
"user_12",202,"Sports","cricket","",0,"QUERY_SUBMISSION","2017-05-03 08:29:17.749"
"user_12",202,"Sports","cricket","",0,"QUERY_SUBMISSION","2017-05-04 10:55:42.792"
"user_12",202,"Sports","cricket","",0,"QUERY_SUBMISSION","2017-05-08 11:43:14.885"
"user_12",202,"Sports","cricket","",0,"QUERY_SUBMISSION","2017-05-18 11:12:32.806"
"user_12",202,"Sports","cricket","",0,"QUERY_SUBMISSION","2017-05-18 11:12:51.265"
"user_13",172,"Sports","ipl 10","",0,"QUERY_SUBMISSION","2017-04-25 15:04:50.612"
"user_13",172,"Sports","ipl 10","",0,"QUERY_SUBMISSION","2017-04-25 15:05:04.714"
"user_13",172,"Sports","kkr captain","",0,"QUERY_SUBMISSION","2017-04-25 15:08:18.584"
"user_13",172,"Sports","goutam gambhir","",0,"QUERY_SUBMISSION","2017-04-25 15:12:05.679"
"user_13",172,"Sports","opening pair experiment","",0,"QUERY_SUBMISSION","2017-04-25 15:12:29.836"
"user_13",172,"Sports","narin lynn batting","",0,"QUERY_SUBMISSION","2017-04-25 15:12:54.493"
"user_15",173,"Travel","short-term accommodation Rome","",0,"QUERY_SUBMISSION","2017-04-26 15:46:18.444"
"user_15",173,"Travel","short-term accommodation Rome","clueweb12-0011wb-70-24541",0,"OPEN_DOCUMENT","2017-04-26 15:46:25.368"
"user_15",173,"Travel","short-term accommodation Rome","clueweb12-0209wb-11-18663",1,"OPEN_DOCUMENT","2017-04-26 15:46:58.582"
"user_15",173,"Travel","short-term accommodation Rome","clueweb12-0012wb-81-01879",2,"OPEN_DOCUMENT","2017-04-26 15:47:17.513"
"user_15",173,"Travel","short-term accommodation Rome","clueweb12-0110wb-24-31405",4,"OPEN_DOCUMENT","2017-04-26 15:47:24.436"
"user_15",173,"Travel","business hotel Rome","",0,"QUERY_SUBMISSION","2017-04-26 15:47:45.396"
"user_15",173,"Travel","business hotel Rome","clueweb12-0002wb-06-02576",0,"OPEN_DOCUMENT","2017-04-26 15:47:48.532"
"user_15",173,"Travel","business hotel Rome","clueweb12-0202wb-47-19914",1,"OPEN_DOCUMENT","2017-04-26 15:48:08.323"
"user_15",173,"Travel","business hotel Rome","clueweb12-0002wb-74-26372",9,"OPEN_DOCUMENT","2017-04-26 15:48:26.775"
"user_15",173,"Travel","business hotel Rome","clueweb12-0002wb-74-26372",9,"CLOSE_DOCUMENT","2017-04-26 15:48:32.611"
"user_15",173,"Travel","business hotel Rome","",0,"QUERY_SUBMISSION","2017-04-26 15:48:33.745"
"user_15",173,"Travel","Rome pizza best restaurant","",0,"QUERY_SUBMISSION","2017-04-26 15:48:46.792"
"user_15",173,"Travel","Rome pizza best restaurant","clueweb12-0106wb-94-32267",0,"OPEN_DOCUMENT","2017-04-26 15:48:50.277"
"user_15",173,"Travel","Rome pizza best restaurant","clueweb12-0204wb-11-20560",1,"OPEN_DOCUMENT","2017-04-26 15:48:55.14"
"user_15",173,"Travel","Rome pizza best restaurant","clueweb12-0200wb-35-09341",2,"OPEN_DOCUMENT","2017-04-26 15:49:23.265"
"user_15",173,"Travel","Italy day trip from Rome","",0,"QUERY_SUBMISSION","2017-04-26 15:49:50.812"
"user_15",173,"Travel","Italy day trip from Rome","clueweb12-0106wb-34-29133",1,"OPEN_DOCUMENT","2017-04-26 15:50:03.994"
"user_15",173,"Travel","Italy day trip from Rome","clueweb12-0212wb-15-13562",2,"OPEN_DOCUMENT","2017-04-26 15:50:17.449"
"user_15",173,"Travel","What to do in Rome","",0,"QUERY_SUBMISSION","2017-04-26 15:50:46.724"
"user_15",173,"Travel","What to do in Rome","clueweb12-0108wb-19-17150",0,"OPEN_DOCUMENT","2017-04-26 15:50:49.926"
"user_15",173,"Travel","Best pasta in ROme","",0,"QUERY_SUBMISSION","2017-04-26 15:51:16.712"
"user_15",173,"Travel","Best pasta in ROme","clueweb12-0003wb-45-26739",0,"OPEN_DOCUMENT","2017-04-26 15:51:21.526"
"user_15",173,"Travel","Sightseeing rome","",0,"QUERY_SUBMISSION","2017-04-26 15:51:47.896"
"user_15",173,"Travel","Sightseeing rome","clueweb12-0110wb-01-24008",0,"OPEN_DOCUMENT","2017-04-26 15:51:56.556"
"user_15",173,"Travel","Good place to drink Rome","",0,"QUERY_SUBMISSION","2017-04-26 15:52:22.219"
"user_15",173,"Travel","Good place to drink Rome","clueweb12-0202wb-31-01443",2,"OPEN_DOCUMENT","2017-04-26 15:52:31.502"
"user_15",173,"Travel","Good place to drink Rome","clueweb12-0201wb-69-19045",3,"OPEN_DOCUMENT","2017-04-26 15:52:35.32"
"user_15",173,"Travel","The weather in Rome in May","",0,"QUERY_SUBMISSION","2017-04-26 15:52:47.998"
"user_15",173,"Travel","Weather Rome May","",0,"QUERY_SUBMISSION","2017-04-26 15:52:56.387"
"user_15",173,"Travel","Weather Rome Winter","",0,"QUERY_SUBMISSION","2017-04-26 15:53:06.718"
"user_15",173,"Travel","Weather Rome Winter","clueweb12-0012wb-40-24252",0,"OPEN_DOCUMENT","2017-04-26 15:53:10.854"
"user_15",173,"Travel","Rome weather week","",0,"QUERY_SUBMISSION","2017-04-26 15:53:27.076"
"user_15",173,"Travel","flights from Rome to Dublin","",0,"QUERY_SUBMISSION","2017-04-26 15:55:15.762"
"user_15",173,"Travel","flights Rome Dublin","",0,"QUERY_SUBMISSION","2017-04-26 15:55:24.401"
"user_15",173,"Travel","flights Rome Ryanair","",0,"QUERY_SUBMISSION","2017-04-26 15:55:33.842"
"user_15",173,"Travel","where to stay Rome","",0,"QUERY_SUBMISSION","2017-04-26 15:55:50.654"
"user_15",173,"Travel","where to stay Rome","clueweb12-0203wb-36-19867",0,"OPEN_DOCUMENT","2017-04-26 15:55:53.995"
"user_15",173,"Travel","where to stay Rome","clueweb12-0003wb-06-00490",1,"OPEN_DOCUMENT","2017-04-26 15:56:06.129"
"user_16",175,"Travel","Where is nova scotia","",0,"QUERY_SUBMISSION","2017-04-27 08:15:37.821"
"user_16",175,"Travel","What is exciting things to do in Jasper national park","",0,"QUERY_SUBMISSION","2017-04-27 08:16:10.539"
"user_16",175,"Travel","Where is elk island","",0,"QUERY_SUBMISSION","2017-04-27 08:16:36.991"
"user_16",175,"Travel","Where is Vancouver","",0,"QUERY_SUBMISSION","2017-04-27 08:17:35.116"
"user_16",175,"Travel","Where is Banff","",0,"QUERY_SUBMISSION","2017-04-27 08:17:54.95"
"user_16",175,"Travel","Where is Edmonton","",0,"QUERY_SUBMISSION","2017-04-27 08:18:07.162"
"user_16",175,"Travel","Where is Edmonton","",0,"QUERY_SUBMISSION","2017-04-27 08:18:11.972"
"user_17",176,"Books","classics","",0,"QUERY_SUBMISSION","2017-04-27 09:29:30.555"
"user_17",176,"Books","literary classics","",0,"QUERY_SUBMISSION","2017-04-27 09:33:34.341"
"user_17",176,"Books","pride and prejudice","",0,"QUERY_SUBMISSION","2017-04-27 09:36:12.986"
"user_17",176,"Books","the great gatsby","",0,"QUERY_SUBMISSION","2017-04-27 09:36:46.162"
"user_17",176,"Books","the great gatsby","clueweb12-0001wb-37-08432",0,"OPEN_DOCUMENT","2017-04-27 09:37:06.071"
"user_17",176,"Books","to kill a mockingbird","",0,"QUERY_SUBMISSION","2017-04-27 09:37:26.485"
"user_17",176,"Books","to kill a mockingbird","clueweb12-0207wb-73-13784",0,"OPEN_DOCUMENT","2017-04-27 09:37:34.499"
"user_17",176,"Books","emma","",0,"QUERY_SUBMISSION","2017-04-27 09:38:20.025"
"user_17",176,"Books","emma","clueweb12-0206wb-20-28946",4,"OPEN_DOCUMENT","2017-04-27 09:39:10.95"
"user_17",176,"Books","emma","clueweb12-0107wb-34-26466",1,"OPEN_DOCUMENT","2017-04-27 09:39:19.386"
"user_17",176,"Books","gone with the wind","",0,"QUERY_SUBMISSION","2017-04-27 09:39:59.796"
"user_18",203,"Travel","places to visit in venice","",0,"QUERY_SUBMISSION","2017-05-04 15:55:34.414"
"user_18",203,"Travel","places to visit in venice","clueweb12-0002wb-35-25966",1,"OPEN_DOCUMENT","2017-05-04 15:56:02.772"
"user_18",203,"Travel","places to visit in venice","clueweb12-0208wb-23-16294",2,"OPEN_DOCUMENT","2017-05-04 15:56:15.457"
"user_18",203,"Travel","places to visit in venice","clueweb12-0208wb-23-16294",2,"CLOSE_DOCUMENT","2017-05-04 15:57:23.041"
"user_18",203,"Travel","places to visit in venice","",0,"QUERY_SUBMISSION","2017-05-04 15:57:24.864"
"user_18",203,"Travel","places to visit in venice","clueweb12-0010wb-07-30111",0,"OPEN_DOCUMENT","2017-05-04 15:57:33.836"
"user_18",203,"Travel","places to visit in venice","",0,"QUERY_SUBMISSION","2017-05-04 15:57:44.99"
"user_18",204,"Books","best reads for young readers","",0,"QUERY_SUBMISSION","2017-05-09 12:43:43.318"
"user_18",204,"Books","best reads for young readers","clueweb12-0112wb-09-08787",0,"OPEN_DOCUMENT","2017-05-09 12:43:52.423"
"user_18",204,"Books","best reads for young readers","clueweb12-0112wb-09-08787",0,"CLOSE_DOCUMENT","2017-05-09 12:44:04.27"
"user_18",204,"Books","best reads for young readers","",0,"QUERY_SUBMISSION","2017-05-09 12:44:05.255"
