"username","age_range","gender","occupation","native_language"
"user_02","25-40","female","employee","english"
"user_07","25-40","female","researcher","english"
"user_08","25-40","female","employee","english"
"user_11","25-40","female","student","english"
"user_12","25-40","male","student","english"
"user_13","25-40","male","researcher","english"
"user_15","25-40","male","student","english"
"user_16","25-40","male","researcher","english"
"user_17","25-40","female","employee","english"
"user_18","25-40","male","researcher","english"
