"username","query_session","title","description","narrative"
"user_02",161,"Research on International music like pop,jazz and others","The objective was to search for various albums,artists and other details about International music.","Search included some interesting facts which are somehow related to the topic. But the pages are not getting loaded correctly, so sometimes the contents are not readable for users. The search should include some current facts whereas the search results shows the generalize view."
"user_07",107,"Books: Different genres and different authors","The following searches were made. For two different genres: detective novels and love stories. For four authors: Agatha Christie, Paulo Coelho, Erich Segal and Willam Shakespeare. For three specific novels: Cards on the table by Agatha Christie, Love Story by Erich Segal and The Alchemist by Paulo Coelho.","On one hand, the documents corresponding to searches covering wide ranges like about an author or about a genre of books have been relevant to prepare a report. On the other hand, the documents corresponding to searches for some specific books are not so much significant."
"user_07",205,"Looking for navigation, accommodation and dining facilities for backpacking through Western Europe for a month","Searched for flight arrangments from Kolkata to Lyon, France for reaching the first spot in Western Europe. Need to stuff the passenger with food before departure and hence, searched for restaurants in Kolkata. Lyon to Grenoble is a small bus journey after which food will be needed and hence, searched for restaurants in Grenoble. Another destination is Trieste from which Venice is very nearby. Searched for the availability of buses from Trieste to Venice. The final destination of the tour is Barcelona which is planned for the longest stay, and hence, searched for hostel facilities in Barcelona, Spain.","While the searches for accommodation facilities in Barcelona and restaurants in Kolkata have shown several relevant documents, the other three searches (flights from Kolkata to Lyon, restaurants in Grenoble and buses from Trieste to Venice) did not provide documents of interest. The user mostly felt the navigation related documents are not as per requirement and need to be improved. Advice on alternative routes and fares were expected while it turned out either to be the history of locations mentioned in the search queries or the flights between other popular locations which were not searched."
"user_08",154,"Robert Langdon character in Inferno by Dan Brown","The aim was to find description about the Robert Langdon character in Inferno","Documents that contain reviews about the book Inferno are relevant. Documents that contain description about Robert Langdon character by Dan Brown are also relevant. Documents that containn none of these information are not relevant."
"user_08",156,"Dublin visit","My aim was to plan for a visit in Dublin.","The documents comprising of places to visit in Dublin and documents containing information about accommodation in Dublin are relevant. Documents, not containing these information are not relevant."
"user_11",162,"Traveling to Japan","I was planning a trip to Tokyo, japan and was looking for hotels, attractions and restaurants,","Looking for attraction was good, some relevant documents that educated me about the top attractions in Tokyo or Japan was retrieved, But when I was looking for a specific attractions less documents appeared. For hotels so many relevant documents was retrieved, the same when I was looking for restaurant in general, but again when I looked for specific cuisine (Halal food) all the retrieved documents were not relevant."
"user_12",201,"Popular tourist spots in Barcelona","Find documents about popular tourist spots in Barcelona.","A relevant document about popular tourist spots in Barcelona must include comments/reviews/ratings by other visitors or critics. It should contain some information on tour packages. Documents that do contain neither of the two information are not relevant."
"user_12",202,"Cricket","My aim was to search about cricket.","Documents containing details about cricket are relevant and documents that do not contain this information are not relevant."
"user_13",172,"IPL 10 KKR opening pair","KKR's captain Goutam Gambhir's strategies to attack opponent by using different opening batsman or bowler.","Get those documents which describes the opening batsman and bowlers success and performance in a IPL 10 t20 match. Any other bowler or batsman's performance will not be consider as relevant."
"user_15",173,"A business trip from Dublin to Rome","The queries were aimed to gather information about the business trip such as accommodation, food, sightseeing (on a weekend), and the weather","Documents were relevant when they contain information about both the place (i.e., Rome) and the one I was looking for (e.g., accommodation, food) in each query. When it comes to flights, it was necessary to have information about the place travelling from (i.e., Dublin), travelling to (i.e., Rome) and flights itself. If these requirements are not met, the documents retrieved from a query are considered to be irrelevant."
"user_16",175,"What is the travel places in north America","First few options came very right way, but some cases search engine could not recognize the option I want to search.","This is a nice work and can be improved a bit."
"user_17",176,"Literary Classics","To find some of the names of the classics and their reviews, synopsis.","A relevant document must cover either a book review or a gist of the book or even a pdf of the book. Movies have also been adapted from some of the books. Those have been treated as not relevant as the category has been specified as ""Books""."
"user_18",203,"Places to visit in Venice","I want to know the most popular and historical places that I could visit in Venice, Italy","The relevant documents are documents that list as many historical and popular places in venice. I don't want to see other documents that talk about other related places. In addition to that I am not interested about accomodation during my search."
"user_18",204,"best books for young readers","general list of best reads for young readers","I want to know the general list of best reads. A must read for young people in general."
